StudentID, TotalNumberOfSemestersRegistered, Semester, NumCoursesTakenInTheSemester
0001,14,1,9
0001,14,2,8
0001,14,3,8
0001,14,4,1
0001,14,5,8
0001,14,6,7
0001,14,7,1
0001,14,8,8
0001,14,9,6
0001,14,10,1
0001,14,11,4
0001,14,12,3
0001,14,13,1
0001,14,14,1
0002,10,1,10
0002,10,2,9
0002,10,3,1
0002,10,4,9
0002,10,5,8
0002,10,6,8
0002,10,7,9
0002,10,8,7
0002,10,9,3
0002,10,10,2
0003,11,1,11
0003,11,2,11
0003,11,3,10
0003,11,4,9
0003,11,5,9
0003,11,6,10
0003,11,7,7
0003,11,8,8
0003,11,9,1
0003,11,10,2
0003,11,11,2
0004,17,1,11
0004,17,2,8
0004,17,3,9
0004,17,4,8
0004,17,5,1
0004,17,6,9
0004,17,7,1
0004,17,8,8
0004,17,9,8
0004,17,10,1
0004,17,11,7
0004,17,12,8
0004,17,13,1
0004,17,14,1
0004,17,15,10
0004,17,16,1
0004,17,17,7
0005,8,1,10
0005,8,2,9
0005,8,3,9
0005,8,4,8
0005,8,5,1
0005,8,6,8
0005,8,7,8
0005,8,8,8
0006,10,1,11
0006,10,2,11
0006,10,3,10
0006,10,4,9
0006,10,5,1
0006,10,6,9
0006,10,7,8
0006,10,8,10
0006,10,9,7
0006,10,10,2
0007,14,1,9
0007,14,2,9
0007,14,3,1
0007,14,4,8
0007,14,5,11
0007,14,6,8
0007,14,7,8
0007,14,8,1
0007,14,9,1
0007,14,10,6
0007,14,11,6
0007,14,12,1
0007,14,13,7
0007,14,14,3
0008,12,1,8
0008,12,2,9
0008,12,3,1
0008,12,4,1
0008,12,5,8
0008,12,6,8
0008,12,7,9
0008,12,8,8
0008,12,9,1
0008,12,10,8
0008,12,11,3
0008,12,12,1
0009,13,1,11
0009,13,2,8
0009,13,3,8
0009,13,4,9
0009,13,5,1
0009,13,6,8
0009,13,7,1
0009,13,8,7
0009,13,9,8
0009,13,10,2
0009,13,11,7
0009,13,12,3
0009,13,13,1
0010,11,1,11
0010,11,2,9
0010,11,3,8
0010,11,4,9
0010,11,5,1
0010,11,6,1
0010,11,7,9
0010,11,8,8
0010,11,9,1
0010,11,10,1
0010,11,11,6
0011,12,1,9
0011,12,2,9
0011,12,3,9
0011,12,4,8
0011,12,5,1
0011,12,6,8
0011,12,7,8
0011,12,8,2
0011,12,9,2
0011,12,10,6
0011,12,11,5
0011,12,12,1
0012,10,1,11
0012,10,2,9
0012,10,3,1
0012,10,4,10
0012,10,5,8
0012,10,6,9
0012,10,7,8
0012,10,8,7
0012,10,9,3
0012,10,10,1
0013,10,1,10
0013,10,2,10
0013,10,3,9
0013,10,4,8
0013,10,5,8
0013,10,6,9
0013,10,7,1
0013,10,8,9
0013,10,9,5
0013,10,10,1
0014,12,1,10
0014,12,2,9
0014,12,3,1
0014,12,4,9
0014,12,5,9
0014,12,6,2
0014,12,7,8
0014,12,8,7
0014,12,9,1
0014,12,10,9
0014,12,11,2
0014,12,12,6
0015,11,1,9
0015,11,2,10
0015,11,3,1
0015,11,4,9
0015,11,5,9
0015,11,6,9
0015,11,7,9
0015,11,8,1
0015,11,9,6
0015,11,10,4
0015,11,11,1
0016,11,1,9
0016,11,2,10
0016,11,3,9
0016,11,4,9
0016,11,5,1
0016,11,6,9
0016,11,7,10
0016,11,8,1
0016,11,9,2
0016,11,10,6
0016,11,11,2
0017,10,1,12
0017,10,2,12
0017,10,3,9
0017,10,4,8
0017,10,5,2
0017,10,6,8
0017,10,7,9
0017,10,8,8
0017,10,9,1
0017,10,10,2
0018,5,1,8
0018,5,2,9
0018,5,3,6
0018,5,4,7
0018,5,5,6
0019,12,1,12
0019,12,2,11
0019,12,3,1
0019,12,4,8
0019,12,5,9
0019,12,6,1
0019,12,7,6
0019,12,8,1
0019,12,9,8
0019,12,10,8
0019,12,11,4
0019,12,12,3
0020,10,1,11
0020,10,2,9
0020,10,3,2
0020,10,4,11
0020,10,5,11
0020,10,6,10
0020,10,7,8
0020,10,8,9
0020,10,9,5
0020,10,10,1
0021,11,1,10
0021,11,2,10
0021,11,3,9
0021,11,4,9
0021,11,5,9
0021,11,6,9
0021,11,7,7
0021,11,8,4
0021,11,9,3
0021,11,10,1
0021,11,11,1
0022,14,1,11
0022,14,2,11
0022,14,3,1
0022,14,4,8
0022,14,5,1
0022,14,6,10
0022,14,7,8
0022,14,8,8
0022,14,9,7
0022,14,10,1
0022,14,11,6
0022,14,12,5
0022,14,13,2
0022,14,14,6
0023,16,1,11
0023,16,2,9
0023,16,3,1
0023,16,4,9
0023,16,5,8
0023,16,6,8
0023,16,7,2
0023,16,8,8
0023,16,9,8
0023,16,10,1
0023,16,11,1
0023,16,12,7
0023,16,13,5
0023,16,14,2
0023,16,15,1
0023,16,16,1
0024,14,1,9
0024,14,2,8
0024,14,3,11
0024,14,4,11
0024,14,5,1
0024,14,6,1
0024,14,7,10
0024,14,8,10
0024,14,9,10
0024,14,10,8
0024,14,11,5
0024,14,12,1
0024,14,13,3
0024,14,14,2
0025,10,1,11
0025,10,2,11
0025,10,3,10
0025,10,4,9
0025,10,5,9
0025,10,6,9
0025,10,7,7
0025,10,8,8
0025,10,9,1
0025,10,10,3
0026,11,1,9
0026,11,2,10
0026,11,3,1
0026,11,4,9
0026,11,5,9
0026,11,6,9
0026,11,7,1
0026,11,8,1
0026,11,9,8
0026,11,10,7
0026,11,11,3
0027,12,1,9
0027,12,2,9
0027,12,3,9
0027,12,4,9
0027,12,5,2
0027,12,6,8
0027,12,7,6
0027,12,8,8
0027,12,9,1
0027,12,10,7
0027,12,11,1
0027,12,12,1
0028,11,1,12
0028,11,2,12
0028,11,3,1
0028,11,4,10
0028,11,5,7
0028,11,6,8
0028,11,7,7
0028,11,8,6
0028,11,9,6
0028,11,10,2
0028,11,11,1
0029,12,1,9
0029,12,2,10
0029,12,3,9
0029,12,4,12
0029,12,5,1
0029,12,6,9
0029,12,7,8
0029,12,8,1
0029,12,9,6
0029,12,10,6
0029,12,11,3
0029,12,12,2
0030,10,1,10
0030,10,2,8
0030,10,3,9
0030,10,4,9
0030,10,5,9
0030,10,6,8
0030,10,7,1
0030,10,8,6
0030,10,9,6
0030,10,10,1
0031,9,1,9
0031,9,2,10
0031,9,3,10
0031,9,4,8
0031,9,5,1
0031,9,6,8
0031,9,7,8
0031,9,8,6
0031,9,9,6
0032,13,1,9
0032,13,2,8
0032,13,3,1
0032,13,4,8
0032,13,5,8
0032,13,6,2
0032,13,7,2
0032,13,8,8
0032,13,9,8
0032,13,10,6
0032,13,11,4
0032,13,12,3
0032,13,13,1
0033,11,1,11
0033,11,2,10
0033,11,3,10
0033,11,4,11
0033,11,5,10
0033,11,6,9
0033,11,7,7
0033,11,8,6
0033,11,9,7
0033,11,10,2
0033,11,11,1
0034,18,1,11
0034,18,2,9
0034,18,3,1
0034,18,4,9
0034,18,5,8
0034,18,6,1
0034,18,7,7
0034,18,8,8
0034,18,9,2
0034,18,10,1
0034,18,11,8
0034,18,12,1
0034,18,13,6
0034,18,14,5
0034,18,15,1
0034,18,16,1
0034,18,17,1
0034,18,18,1
0035,13,1,11
0035,13,2,11
0035,13,3,9
0035,13,4,11
0035,13,5,9
0035,13,6,1
0035,13,7,2
0035,13,8,9
0035,13,9,9
0035,13,10,7
0035,13,11,7
0035,13,12,2
0035,13,13,1
0036,10,1,10
0036,10,2,8
0036,10,3,9
0036,10,4,8
0036,10,5,8
0036,10,6,8
0036,10,7,1
0036,10,8,8
0036,10,9,3
0036,10,10,3
0037,11,1,10
0037,11,2,9
0037,11,3,9
0037,11,4,10
0037,11,5,1
0037,11,6,9
0037,11,7,8
0037,11,8,4
0037,11,9,1
0037,11,10,3
0037,11,11,1
0038,11,1,10
0038,11,2,8
0038,11,3,2
0038,11,4,8
0038,11,5,8
0038,11,6,8
0038,11,7,1
0038,11,8,8
0038,11,9,6
0038,11,10,1
0038,11,11,1
0039,12,1,10
0039,12,2,11
0039,12,3,1
0039,12,4,9
0039,12,5,9
0039,12,6,7
0039,12,7,8
0039,12,8,7
0039,12,9,8
0039,12,10,1
0039,12,11,8
0039,12,12,1
0040,15,1,9
0040,15,2,10
0040,15,3,9
0040,15,4,1
0040,15,5,1
0040,15,6,12
0040,15,7,9
0040,15,8,1
0040,15,9,1
0040,15,10,9
0040,15,11,10
0040,15,12,2
0040,15,13,7
0040,15,14,1
0040,15,15,1
0041,13,1,9
0041,13,2,9
0041,13,3,9
0041,13,4,1
0041,13,5,8
0041,13,6,9
0041,13,7,1
0041,13,8,8
0041,13,9,5
0041,13,10,1
0041,13,11,3
0041,13,12,1
0041,13,13,1
0042,10,1,9
0042,10,2,10
0042,10,3,9
0042,10,4,8
0042,10,5,2
0042,10,6,9
0042,10,7,9
0042,10,8,1
0042,10,9,8
0042,10,10,8
0043,12,1,10
0043,12,2,11
0043,12,3,8
0043,12,4,10
0043,12,5,9
0043,12,6,9
0043,12,7,1
0043,12,8,8
0043,12,9,10
0043,12,10,3
0043,12,11,1
0043,12,12,1
0044,16,1,12
0044,16,2,10
0044,16,3,1
0044,16,4,9
0044,16,5,6
0044,16,6,2
0044,16,7,9
0044,16,8,8
0044,16,9,1
0044,16,10,2
0044,16,11,8
0044,16,12,6
0044,16,13,1
0044,16,14,1
0044,16,15,8
0044,16,16,6
0045,11,1,9
0045,11,2,9
0045,11,3,10
0045,11,4,9
0045,11,5,1
0045,11,6,9
0045,11,7,8
0045,11,8,1
0045,11,9,1
0045,11,10,6
0045,11,11,4
0046,11,1,9
0046,11,2,9
0046,11,3,8
0046,11,4,8
0046,11,5,1
0046,11,6,1
0046,11,7,8
0046,11,8,1
0046,11,9,7
0046,11,10,7
0046,11,11,4
0047,8,1,10
0047,8,2,11
0047,8,3,11
0047,8,4,11
0047,8,5,10
0047,8,6,10
0047,8,7,9
0047,8,8,7
0048,9,1,11
0048,9,2,11
0048,9,3,9
0048,9,4,11
0048,9,5,11
0048,9,6,9
0048,9,7,6
0048,9,8,7
0048,9,9,5
0049,13,1,9
0049,13,2,10
0049,13,3,2
0049,13,4,8
0049,13,5,9
0049,13,6,9
0049,13,7,8
0049,13,8,1
0049,13,9,7
0049,13,10,1
0049,13,11,8
0049,13,12,1
0049,13,13,1
0050,9,1,9
0050,9,2,10
0050,9,3,8
0050,9,4,8
0050,9,5,9
0050,9,6,9
0050,9,7,7
0050,9,8,1
0050,9,9,3
0051,12,1,11
0051,12,2,9
0051,12,3,9
0051,12,4,8
0051,12,5,9
0051,12,6,2
0051,12,7,7
0051,12,8,7
0051,12,9,1
0051,12,10,7
0051,12,11,2
0051,12,12,1
0052,9,1,9
0052,9,2,10
0052,9,3,1
0052,9,4,10
0052,9,5,9
0052,9,6,8
0052,9,7,9
0052,9,8,6
0052,9,9,3
0053,15,1,12
0053,15,2,10
0053,15,3,9
0053,15,4,8
0053,15,5,8
0053,15,6,8
0053,15,7,2
0053,15,8,2
0053,15,9,10
0053,15,10,9
0053,15,11,2
0053,15,12,2
0053,15,13,9
0053,15,14,3
0053,15,15,1
0054,13,1,9
0054,13,2,10
0054,13,3,1
0054,13,4,8
0054,13,5,8
0054,13,6,8
0054,13,7,8
0054,13,8,1
0054,13,9,1
0054,13,10,7
0054,13,11,6
0054,13,12,1
0054,13,13,1
0055,12,1,9
0055,12,2,9
0055,12,3,9
0055,12,4,3
0055,12,5,1
0055,12,6,8
0055,12,7,8
0055,12,8,9
0055,12,9,7
0055,12,10,1
0055,12,11,4
0055,12,12,1
0056,13,1,9
0056,13,2,9
0056,13,3,8
0056,13,4,9
0056,13,5,2
0056,13,6,7
0056,13,7,9
0056,13,8,1
0056,13,9,6
0056,13,10,6
0056,13,11,1
0056,13,12,1
0056,13,13,2
0057,12,1,10
0057,12,2,8
0057,12,3,1
0057,12,4,8
0057,12,5,8
0057,12,6,1
0057,12,7,9
0057,12,8,8
0057,12,9,8
0057,12,10,6
0057,12,11,6
0057,12,12,6
0058,11,1,10
0058,11,2,9
0058,11,3,8
0058,11,4,8
0058,11,5,1
0058,11,6,1
0058,11,7,9
0058,11,8,10
0058,11,9,6
0058,11,10,4
0058,11,11,1
0059,10,1,10
0059,10,2,9
0059,10,3,2
0059,10,4,9
0059,10,5,8
0059,10,6,1
0059,10,7,8
0059,10,8,8
0059,10,9,6
0059,10,10,1
0060,13,1,10
0060,13,2,10
0060,13,3,1
0060,13,4,8
0060,13,5,8
0060,13,6,2
0060,13,7,8
0060,13,8,9
0060,13,9,1
0060,13,10,4
0060,13,11,3
0060,13,12,1
0060,13,13,1
0061,8,1,9
0061,8,2,10
0061,8,3,9
0061,8,4,8
0061,8,5,9
0061,8,6,8
0061,8,7,7
0061,8,8,4
0062,12,1,9
0062,12,2,9
0062,12,3,1
0062,12,4,8
0062,12,5,9
0062,12,6,1
0062,12,7,8
0062,12,8,9
0062,12,9,1
0062,12,10,6
0062,12,11,8
0062,12,12,1
0063,9,1,11
0063,9,2,12
0063,9,3,9
0063,9,4,9
0063,9,5,8
0063,9,6,9
0063,9,7,1
0063,9,8,7
0063,9,9,6
0064,9,1,12
0064,9,2,11
0064,9,3,10
0064,9,4,8
0064,9,5,9
0064,9,6,10
0064,9,7,8
0064,9,8,5
0064,9,9,1
0065,12,1,9
0065,12,2,9
0065,12,3,1
0065,12,4,9
0065,12,5,8
0065,12,6,1
0065,12,7,8
0065,12,8,8
0065,12,9,7
0065,12,10,6
0065,12,11,2
0065,12,12,1
0066,10,1,8
0066,10,2,9
0066,10,3,8
0066,10,4,8
0066,10,5,2
0066,10,6,8
0066,10,7,8
0066,10,8,6
0066,10,9,7
0066,10,10,1
0067,10,1,9
0067,10,2,9
0067,10,3,8
0067,10,4,9
0067,10,5,8
0067,10,6,8
0067,10,7,1
0067,10,8,7
0067,10,9,4
0067,10,10,1
0068,9,1,11
0068,9,2,11
0068,9,3,10
0068,9,4,10
0068,9,5,8
0068,9,6,10
0068,9,7,10
0068,9,8,6
0068,9,9,1
0069,12,1,9
0069,12,2,10
0069,12,3,8
0069,12,4,10
0069,12,5,7
0069,12,6,7
0069,12,7,1
0069,12,8,6
0069,12,9,5
0069,12,10,1
0069,12,11,2
0069,12,12,1
0070,9,1,10
0070,9,2,9
0070,9,3,9
0070,9,4,9
0070,9,5,1
0070,9,6,9
0070,9,7,8
0070,9,8,6
0070,9,9,3
0071,11,1,10
0071,11,2,10
0071,11,3,10
0071,11,4,10
0071,11,5,8
0071,11,6,8
0071,11,7,1
0071,11,8,6
0071,11,9,6
0071,11,10,2
0071,11,11,1
0072,10,1,9
0072,10,2,10
0072,10,3,9
0072,10,4,8
0072,10,5,1
0072,10,6,1
0072,10,7,8
0072,10,8,8
0072,10,9,6
0072,10,10,4
0073,9,1,10
0073,9,2,11
0073,9,3,10
0073,9,4,8
0073,9,5,9
0073,9,6,11
0073,9,7,6
0073,9,8,2
0073,9,9,10
0074,13,1,10
0074,13,2,9
0074,13,3,8
0074,13,4,8
0074,13,5,2
0074,13,6,8
0074,13,7,8
0074,13,8,1
0074,13,9,7
0074,13,10,1
0074,13,11,5
0074,13,12,1
0074,13,13,1
0075,12,1,12
0075,12,2,10
0075,12,3,1
0075,12,4,9
0075,12,5,1
0075,12,6,9
0075,12,7,9
0075,12,8,11
0075,12,9,6
0075,12,10,9
0075,12,11,2
0075,12,12,7
0076,12,1,10
0076,12,2,8
0076,12,3,9
0076,12,4,9
0076,12,5,7
0076,12,6,8
0076,12,7,6
0076,12,8,1
0076,12,9,2
0076,12,10,7
0076,12,11,1
0076,12,12,3
0077,13,1,11
0077,13,2,11
0077,13,3,9
0077,13,4,8
0077,13,5,9
0077,13,6,6
0077,13,7,1
0077,13,8,8
0077,13,9,6
0077,13,10,2
0077,13,11,4
0077,13,12,2
0077,13,13,3
0078,12,1,9
0078,12,2,9
0078,12,3,9
0078,12,4,9
0078,12,5,1
0078,12,6,2
0078,12,7,9
0078,12,8,9
0078,12,9,7
0078,12,10,8
0078,12,11,2
0078,12,12,2
0079,11,1,10
0079,11,2,8
0079,11,3,10
0079,11,4,10
0079,11,5,9
0079,11,6,9
0079,11,7,6
0079,11,8,1
0079,11,9,7
0079,11,10,3
0079,11,11,1
0080,10,1,10
0080,10,2,8
0080,10,3,8
0080,10,4,10
0080,10,5,8
0080,10,6,9
0080,10,7,5
0080,10,8,6
0080,10,9,3
0080,10,10,3
0081,14,1,11
0081,14,2,12
0081,14,3,8
0081,14,4,1
0081,14,5,8
0081,14,6,6
0081,14,7,1
0081,14,8,8
0081,14,9,9
0081,14,10,1
0081,14,11,2
0081,14,12,6
0081,14,13,1
0081,14,14,4
0082,11,1,10
0082,11,2,9
0082,11,3,1
0082,11,4,8
0082,11,5,8
0082,11,6,2
0082,11,7,9
0082,11,8,8
0082,11,9,1
0082,11,10,5
0082,11,11,3
0083,8,1,10
0083,8,2,8
0083,8,3,8
0083,8,4,9
0083,8,5,8
0083,8,6,9
0083,8,7,7
0083,8,8,7
0084,13,1,10
0084,13,2,9
0084,13,3,9
0084,13,4,9
0084,13,5,8
0084,13,6,1
0084,13,7,8
0084,13,8,7
0084,13,9,1
0084,13,10,7
0084,13,11,8
0084,13,12,1
0084,13,13,6
0085,12,1,10
0085,12,2,8
0085,12,3,1
0085,12,4,8
0085,12,5,10
0085,12,6,1
0085,12,7,1
0085,12,8,9
0085,12,9,9
0085,12,10,1
0085,12,11,1
0085,12,12,5
0086,13,1,12
0086,13,2,10
0086,13,3,1
0086,13,4,9
0086,13,5,8
0086,13,6,1
0086,13,7,9
0086,13,8,1
0086,13,9,8
0086,13,10,7
0086,13,11,6
0086,13,12,1
0086,13,13,1
0087,14,1,9
0087,14,2,9
0087,14,3,9
0087,14,4,8
0087,14,5,10
0087,14,6,9
0087,14,7,2
0087,14,8,7
0087,14,9,6
0087,14,10,1
0087,14,11,1
0087,14,12,5
0087,14,13,7
0087,14,14,1
0088,11,1,9
0088,11,2,9
0088,11,3,8
0088,11,4,8
0088,11,5,8
0088,11,6,1
0088,11,7,8
0088,11,8,6
0088,11,9,2
0088,11,10,1
0088,11,11,4
0089,12,1,9
0089,12,2,9
0089,12,3,10
0089,12,4,10
0089,12,5,10
0089,12,6,1
0089,12,7,1
0089,12,8,8
0089,12,9,6
0089,12,10,4
0089,12,11,1
0089,12,12,1
0090,11,1,10
0090,11,2,10
0090,11,3,8
0090,11,4,1
0090,11,5,1
0090,11,6,7
0090,11,7,8
0090,11,8,8
0090,11,9,6
0090,11,10,1
0090,11,11,4
0091,9,1,10
0091,9,2,9
0091,9,3,1
0091,9,4,8
0091,9,5,8
0091,9,6,9
0091,9,7,8
0091,9,8,7
0091,9,9,4
0092,15,1,1
0092,15,2,8
0092,15,3,9
0092,15,4,1
0092,15,5,9
0092,15,6,8
0092,15,7,9
0092,15,8,8
0092,15,9,1
0092,15,10,2
0092,15,11,7
0092,15,12,9
0092,15,13,2
0092,15,14,1
0092,15,15,1
0093,11,1,8
0093,11,2,8
0093,11,3,8
0093,11,4,8
0093,11,5,1
0093,11,6,8
0093,11,7,8
0093,11,8,7
0093,11,9,7
0093,11,10,2
0093,11,11,1
0094,12,1,11
0094,12,2,12
0094,12,3,9
0094,12,4,1
0094,12,5,9
0094,12,6,9
0094,12,7,1
0094,12,8,8
0094,12,9,6
0094,12,10,1
0094,12,11,8
0094,12,12,1
0095,11,1,9
0095,11,2,8
0095,11,3,9
0095,11,4,9
0095,11,5,9
0095,11,6,9
0095,11,7,2
0095,11,8,6
0095,11,9,7
0095,11,10,1
0095,11,11,2
0096,12,1,9
0096,12,2,10
0096,12,3,8
0096,12,4,1
0096,12,5,8
0096,12,6,8
0096,12,7,2
0096,12,8,8
0096,12,9,7
0096,12,10,6
0096,12,11,1
0096,12,12,1
0097,8,1,10
0097,8,2,9
0097,8,3,8
0097,8,4,9
0097,8,5,9
0097,8,6,8
0097,8,7,8
0097,8,8,6
0098,9,1,10
0098,9,2,9
0098,9,3,9
0098,9,4,9
0098,9,5,8
0098,9,6,9
0098,9,7,7
0098,9,8,7
0098,9,9,1
0099,11,1,10
0099,11,2,8
0099,11,3,1
0099,11,4,9
0099,11,5,8
0099,11,6,9
0099,11,7,8
0099,11,8,1
0099,11,9,2
0099,11,10,6
0099,11,11,4
0100,11,1,9
0100,11,2,9
0100,11,3,9
0100,11,4,8
0100,11,5,1
0100,11,6,8
0100,11,7,9
0100,11,8,1
0100,11,9,1
0100,11,10,8
0100,11,11,6
0101,16,1,9
0101,16,2,9
0101,16,3,8
0101,16,4,8
0101,16,5,1
0101,16,6,1
0101,16,7,8
0101,16,8,8
0101,16,9,2
0101,16,10,3
0101,16,11,8
0101,16,12,7
0101,16,13,2
0101,16,14,1
0101,16,15,2
0101,16,16,1
0102,11,1,10
0102,11,2,10
0102,11,3,10
0102,11,4,8
0102,11,5,9
0102,11,6,9
0102,11,7,6
0102,11,8,7
0102,11,9,7
0102,11,10,1
0102,11,11,5
0103,14,1,11
0103,14,2,11
0103,14,3,8
0103,14,4,3
0103,14,5,1
0103,14,6,10
0103,14,7,10
0103,14,8,1
0103,14,9,8
0103,14,10,1
0103,14,11,6
0103,14,12,8
0103,14,13,6
0103,14,14,1
0104,12,1,10
0104,12,2,10
0104,12,3,1
0104,12,4,9
0104,12,5,8
0104,12,6,8
0104,12,7,1
0104,12,8,8
0104,12,9,2
0104,12,10,7
0104,12,11,5
0104,12,12,2
0105,8,1,9
0105,8,2,9
0105,8,3,8
0105,8,4,8
0105,8,5,9
0105,8,6,8
0105,8,7,1
0105,8,8,5
0106,10,1,9
0106,10,2,9
0106,10,3,8
0106,10,4,8
0106,10,5,8
0106,10,6,9
0106,10,7,1
0106,10,8,8
0106,10,9,6
0106,10,10,1
0107,10,1,9
0107,10,2,9
0107,10,3,9
0107,10,4,9
0107,10,5,9
0107,10,6,1
0107,10,7,9
0107,10,8,7
0107,10,9,1
0107,10,10,6
0108,11,1,10
0108,11,2,9
0108,11,3,8
0108,11,4,9
0108,11,5,9
0108,11,6,9
0108,11,7,1
0108,11,8,7
0108,11,9,7
0108,11,10,1
0108,11,11,4
0109,9,1,12
0109,9,2,11
0109,9,3,10
0109,9,4,9
0109,9,5,9
0109,9,6,7
0109,9,7,6
0109,9,8,5
0109,9,9,3
0110,7,1,9
0110,7,2,10
0110,7,3,8
0110,7,4,8
0110,7,5,4
0110,7,6,3
0110,7,7,1
0111,12,1,10
0111,12,2,9
0111,12,3,2
0111,12,4,9
0111,12,5,8
0111,12,6,7
0111,12,7,8
0111,12,8,1
0111,12,9,6
0111,12,10,2
0111,12,11,7
0111,12,12,1
0112,11,1,11
0112,11,2,12
0112,11,3,10
0112,11,4,9
0112,11,5,7
0112,11,6,1
0112,11,7,9
0112,11,8,1
0112,11,9,6
0112,11,10,7
0112,11,11,7
0113,9,1,10
0113,9,2,10
0113,9,3,9
0113,9,4,9
0113,9,5,8
0113,9,6,8
0113,9,7,6
0113,9,8,5
0113,9,9,1
0114,11,1,10
0114,11,2,9
0114,11,3,8
0114,11,4,8
0114,11,5,9
0114,11,6,1
0114,11,7,9
0114,11,8,7
0114,11,9,6
0114,11,10,7
0114,11,11,4
0115,10,1,9
0115,10,2,10
0115,10,3,9
0115,10,4,8
0115,10,5,1
0115,10,6,10
0115,10,7,8
0115,10,8,7
0115,10,9,5
0115,10,10,1
0116,12,1,12
0116,12,2,10
0116,12,3,2
0116,12,4,9
0116,12,5,7
0116,12,6,6
0116,12,7,9
0116,12,8,8
0116,12,9,8
0116,12,10,3
0116,12,11,1
0116,12,12,2
0117,11,1,10
0117,11,2,8
0117,11,3,1
0117,11,4,9
0117,11,5,9
0117,11,6,8
0117,11,7,9
0117,11,8,1
0117,11,9,8
0117,11,10,1
0117,11,11,1
0118,12,1,9
0118,12,2,10
0118,12,3,1
0118,12,4,9
0118,12,5,10
0118,12,6,1
0118,12,7,10
0118,12,8,6
0118,12,9,2
0118,12,10,10
0118,12,11,4
0118,12,12,1
0119,18,1,9
0119,18,2,10
0119,18,3,9
0119,18,4,7
0119,18,5,1
0119,18,6,1
0119,18,7,8
0119,18,8,8
0119,18,9,1
0119,18,10,1
0119,18,11,5
0119,18,12,5
0119,18,13,1
0119,18,14,2
0119,18,15,2
0119,18,16,1
0119,18,17,1
0119,18,18,1
0120,10,1,11
0120,10,2,10
0120,10,3,8
0120,10,4,8
0120,10,5,10
0120,10,6,9
0120,10,7,7
0120,10,8,1
0120,10,9,3
0120,10,10,1
0121,13,1,9
0121,13,2,10
0121,13,3,8
0121,13,4,8
0121,13,5,8
0121,13,6,7
0121,13,7,2
0121,13,8,6
0121,13,9,7
0121,13,10,1
0121,13,11,1
0121,13,12,7
0121,13,13,1
0122,11,1,9
0122,11,2,10
0122,11,3,8
0122,11,4,8
0122,11,5,10
0122,11,6,8
0122,11,7,6
0122,11,8,2
0122,11,9,1
0122,11,10,7
0122,11,11,6
0123,11,1,10
0123,11,2,8
0123,11,3,9
0123,11,4,8
0123,11,5,8
0123,11,6,9
0123,11,7,7
0123,11,8,8
0123,11,9,7
0123,11,10,1
0123,11,11,1
0124,11,1,9
0124,11,2,11
0124,11,3,1
0124,11,4,10
0124,11,5,9
0124,11,6,9
0124,11,7,9
0124,11,8,1
0124,11,9,7
0124,11,10,3
0124,11,11,1
0125,11,1,10
0125,11,2,9
0125,11,3,8
0125,11,4,8
0125,11,5,8
0125,11,6,8
0125,11,7,2
0125,11,8,5
0125,11,9,5
0125,11,10,2
0125,11,11,2
0126,12,1,11
0126,12,2,9
0126,12,3,8
0126,12,4,9
0126,12,5,9
0126,12,6,2
0126,12,7,8
0126,12,8,6
0126,12,9,5
0126,12,10,2
0126,12,11,1
0126,12,12,2
0127,13,1,10
0127,13,2,9
0127,13,3,7
0127,13,4,6
0127,13,5,2
0127,13,6,9
0127,13,7,8
0127,13,8,2
0127,13,9,6
0127,13,10,6
0127,13,11,4
0127,13,12,1
0127,13,13,1
0128,12,1,9
0128,12,2,11
0128,12,3,9
0128,12,4,9
0128,12,5,8
0128,12,6,1
0128,12,7,8
0128,12,8,6
0128,12,9,7
0128,12,10,3
0128,12,11,1
0128,12,12,1
0129,10,1,10
0129,10,2,9
0129,10,3,9
0129,10,4,8
0129,10,5,10
0129,10,6,9
0129,10,7,7
0129,10,8,6
0129,10,9,6
0129,10,10,1
0130,13,1,10
0130,13,2,11
0130,13,3,1
0130,13,4,1
0130,13,5,9
0130,13,6,9
0130,13,7,1
0130,13,8,9
0130,13,9,10
0130,13,10,8
0130,13,11,3
0130,13,12,1
0130,13,13,2
0131,12,1,10
0131,12,2,10
0131,12,3,1
0131,12,4,8
0131,12,5,8
0131,12,6,1
0131,12,7,9
0131,12,8,8
0131,12,9,1
0131,12,10,1
0131,12,11,5
0131,12,12,4
0132,11,1,10
0132,11,2,8
0132,11,3,9
0132,11,4,8
0132,11,5,9
0132,11,6,1
0132,11,7,8
0132,11,8,6
0132,11,9,8
0132,11,10,4
0132,11,11,1
0133,11,1,9
0133,11,2,10
0133,11,3,8
0133,11,4,9
0133,11,5,2
0133,11,6,9
0133,11,7,9
0133,11,8,7
0133,11,9,1
0133,11,10,1
0133,11,11,7
0134,11,1,10
0134,11,2,8
0134,11,3,2
0134,11,4,8
0134,11,5,8
0134,11,6,1
0134,11,7,9
0134,11,8,8
0134,11,9,9
0134,11,10,8
0134,11,11,1
0135,12,1,10
0135,12,2,9
0135,12,3,8
0135,12,4,9
0135,12,5,2
0135,12,6,8
0135,12,7,8
0135,12,8,1
0135,12,9,6
0135,12,10,5
0135,12,11,4
0135,12,12,1
0136,10,1,10
0136,10,2,9
0136,10,3,9
0136,10,4,9
0136,10,5,8
0136,10,6,1
0136,10,7,7
0136,10,8,6
0136,10,9,4
0136,10,10,2
0137,13,1,10
0137,13,2,8
0137,13,3,1
0137,13,4,7
0137,13,5,8
0137,13,6,1
0137,13,7,1
0137,13,8,7
0137,13,9,7
0137,13,10,1
0137,13,11,1
0137,13,12,6
0137,13,13,7
0138,14,1,9
0138,14,2,8
0138,14,3,8
0138,14,4,2
0138,14,5,7
0138,14,6,9
0138,14,7,9
0138,14,8,1
0138,14,9,2
0138,14,10,8
0138,14,11,8
0138,14,12,1
0138,14,13,5
0138,14,14,2
0139,14,1,9
0139,14,2,10
0139,14,3,1
0139,14,4,8
0139,14,5,8
0139,14,6,1
0139,14,7,1
0139,14,8,8
0139,14,9,8
0139,14,10,8
0139,14,11,3
0139,14,12,1
0139,14,13,1
0139,14,14,1
0140,10,1,9
0140,10,2,9
0140,10,3,9
0140,10,4,8
0140,10,5,9
0140,10,6,8
0140,10,7,5
0140,10,8,1
0140,10,9,5
0140,10,10,1
0141,8,1,9
0141,8,2,10
0141,8,3,8
0141,8,4,8
0141,8,5,7
0141,8,6,9
0141,8,7,5
0141,8,8,5
0142,12,1,9
0142,12,2,10
0142,12,3,9
0142,12,4,11
0142,12,5,1
0142,12,6,9
0142,12,7,7
0142,12,8,1
0142,12,9,6
0142,12,10,6
0142,12,11,1
0142,12,12,3
0143,13,1,9
0143,13,2,10
0143,13,3,8
0143,13,4,10
0143,13,5,1
0143,13,6,1
0143,13,7,9
0143,13,8,8
0143,13,9,7
0143,13,10,1
0143,13,11,7
0143,13,12,2
0143,13,13,1
0144,9,1,11
0144,9,2,10
0144,9,3,9
0144,9,4,9
0144,9,5,8
0144,9,6,8
0144,9,7,6
0144,9,8,7
0144,9,9,1
0145,10,1,9
0145,10,2,9
0145,10,3,9
0145,10,4,8
0145,10,5,10
0145,10,6,8
0145,10,7,9
0145,10,8,2
0145,10,9,2
0145,10,10,2
0146,11,1,10
0146,11,2,9
0146,11,3,1
0146,11,4,9
0146,11,5,8
0146,11,6,1
0146,11,7,8
0146,11,8,9
0146,11,9,6
0146,11,10,3
0146,11,11,1
0147,10,1,10
0147,10,2,10
0147,10,3,8
0147,10,4,8
0147,10,5,1
0147,10,6,9
0147,10,7,8
0147,10,8,4
0147,10,9,5
0147,10,10,5
0148,11,1,12
0148,11,2,12
0148,11,3,9
0148,11,4,8
0148,11,5,9
0148,11,6,1
0148,11,7,9
0148,11,8,6
0148,11,9,5
0148,11,10,3
0148,11,11,5
0149,10,1,9
0149,10,2,10
0149,10,3,9
0149,10,4,8
0149,10,5,1
0149,10,6,8
0149,10,7,7
0149,10,8,7
0149,10,9,6
0149,10,10,1
0150,11,1,9
0150,11,2,9
0150,11,3,9
0150,11,4,10
0150,11,5,2
0150,11,6,9
0150,11,7,8
0150,11,8,4
0150,11,9,5
0150,11,10,1
0150,11,11,2
0151,9,1,10
0151,9,2,9
0151,9,3,9
0151,9,4,8
0151,9,5,2
0151,9,6,10
0151,9,7,9
0151,9,8,7
0151,9,9,6
0152,9,1,10
0152,9,2,9
0152,9,3,8
0152,9,4,9
0152,9,5,8
0152,9,6,8
0152,9,7,1
0152,9,8,6
0152,9,9,4
0153,12,1,11
0153,12,2,11
0153,12,3,1
0153,12,4,9
0153,12,5,9
0153,12,6,1
0153,12,7,9
0153,12,8,8
0153,12,9,7
0153,12,10,6
0153,12,11,7
0153,12,12,4
0154,11,1,10
0154,11,2,11
0154,11,3,9
0154,11,4,1
0154,11,5,8
0154,11,6,9
0154,11,7,8
0154,11,8,1
0154,11,9,6
0154,11,10,7
0154,11,11,3
0155,15,1,10
0155,15,2,10
0155,15,3,9
0155,15,4,8
0155,15,5,1
0155,15,6,8
0155,15,7,8
0155,15,8,1
0155,15,9,6
0155,15,10,5
0155,15,11,1
0155,15,12,2
0155,15,13,2
0155,15,14,1
0155,15,15,1
0156,16,1,9
0156,16,2,9
0156,16,3,1
0156,16,4,9
0156,16,5,8
0156,16,6,2
0156,16,7,7
0156,16,8,8
0156,16,9,1
0156,16,10,1
0156,16,11,6
0156,16,12,6
0156,16,13,1
0156,16,14,1
0156,16,15,3
0156,16,16,1
0157,8,1,11
0157,8,2,10
0157,8,3,10
0157,8,4,8
0157,8,5,1
0157,8,6,9
0157,8,7,8
0157,8,8,5
0158,10,1,10
0158,10,2,8
0158,10,3,8
0158,10,4,8
0158,10,5,8
0158,10,6,9
0158,10,7,7
0158,10,8,6
0158,10,9,1
0158,10,10,1
0159,13,1,9
0159,13,2,10
0159,13,3,9
0159,13,4,8
0159,13,5,1
0159,13,6,1
0159,13,7,8
0159,13,8,6
0159,13,9,10
0159,13,10,7
0159,13,11,1
0159,13,12,2
0159,13,13,1
0160,10,1,9
0160,10,2,9
0160,10,3,8
0160,10,4,8
0160,10,5,1
0160,10,6,8
0160,10,7,8
0160,10,8,1
0160,10,9,6
0160,10,10,7
0161,13,1,8
0161,13,2,10
0161,13,3,9
0161,13,4,1
0161,13,5,1
0161,13,6,5
0161,13,7,6
0161,13,8,4
0161,13,9,7
0161,13,10,1
0161,13,11,10
0161,13,12,5
0161,13,13,1
0162,14,1,9
0162,14,2,11
0162,14,3,8
0162,14,4,8
0162,14,5,2
0162,14,6,9
0162,14,7,7
0162,14,8,8
0162,14,9,1
0162,14,10,7
0162,14,11,1
0162,14,12,1
0162,14,13,1
0162,14,14,1
0163,12,1,10
0163,12,2,9
0163,12,3,1
0163,12,4,8
0163,12,5,8
0163,12,6,9
0163,12,7,8
0163,12,8,1
0163,12,9,7
0163,12,10,7
0163,12,11,2
0163,12,12,3
0164,11,1,9
0164,11,2,10
0164,11,3,10
0164,11,4,10
0164,11,5,8
0164,11,6,8
0164,11,7,1
0164,11,8,7
0164,11,9,6
0164,11,10,1
0164,11,11,1
0165,12,1,10
0165,12,2,8
0165,12,3,1
0165,12,4,8
0165,12,5,8
0165,12,6,2
0165,12,7,8
0165,12,8,8
0165,12,9,1
0165,12,10,7
0165,12,11,1
0165,12,12,2
0166,14,1,9
0166,14,2,9
0166,14,3,1
0166,14,4,7
0166,14,5,6
0166,14,6,8
0166,14,7,8
0166,14,8,2
0166,14,9,1
0166,14,10,7
0166,14,11,6
0166,14,12,1
0166,14,13,4
0166,14,14,2
0167,12,1,9
0167,12,2,10
0167,12,3,1
0167,12,4,8
0167,12,5,8
0167,12,6,2
0167,12,7,8
0167,12,8,8
0167,12,9,1
0167,12,10,8
0167,12,11,7
0167,12,12,1
0168,10,1,11
0168,10,2,12
0168,10,3,10
0168,10,4,9
0168,10,5,10
0168,10,6,9
0168,10,7,4
0168,10,8,9
0168,10,9,6
0168,10,10,1
0169,8,1,10
0169,8,2,10
0169,8,3,10
0169,8,4,9
0169,8,5,8
0169,8,6,8
0169,8,7,8
0169,8,8,4
0170,14,1,12
0170,14,2,11
0170,14,3,8
0170,14,4,8
0170,14,5,1
0170,14,6,9
0170,14,7,7
0170,14,8,1
0170,14,9,8
0170,14,10,5
0170,14,11,1
0170,14,12,7
0170,14,13,6
0170,14,14,2
0171,8,1,9
0171,8,2,9
0171,8,3,10
0171,8,4,9
0171,8,5,9
0171,8,6,8
0171,8,7,8
0171,8,8,4
0172,15,1,10
0172,15,2,8
0172,15,3,1
0172,15,4,7
0172,15,5,8
0172,15,6,1
0172,15,7,8
0172,15,8,9
0172,15,9,5
0172,15,10,7
0172,15,11,1
0172,15,12,2
0172,15,13,1
0172,15,14,1
0172,15,15,1
0173,12,1,9
0173,12,2,10
0173,12,3,10
0173,12,4,9
0173,12,5,1
0173,12,6,1
0173,12,7,11
0173,12,8,10
0173,12,9,1
0173,12,10,8
0173,12,11,1
0173,12,12,4
0174,10,1,10
0174,10,2,9
0174,10,3,1
0174,10,4,9
0174,10,5,8
0174,10,6,7
0174,10,7,2
0174,10,8,8
0174,10,9,9
0174,10,10,6
0175,10,1,10
0175,10,2,9
0175,10,3,8
0175,10,4,9
0175,10,5,9
0175,10,6,8
0175,10,7,1
0175,10,8,1
0175,10,9,6
0175,10,10,4
0176,11,1,10
0176,11,2,9
0176,11,3,8
0176,11,4,8
0176,11,5,8
0176,11,6,8
0176,11,7,1
0176,11,8,1
0176,11,9,6
0176,11,10,4
0176,11,11,1
0177,14,1,9
0177,14,2,9
0177,14,3,9
0177,14,4,9
0177,14,5,9
0177,14,6,8
0177,14,7,7
0177,14,8,2
0177,14,9,1
0177,14,10,6
0177,14,11,5
0177,14,12,2
0177,14,13,5
0177,14,14,1
0178,9,1,11
0178,9,2,11
0178,9,3,13
0178,9,4,10
0178,9,5,9
0178,9,6,8
0178,9,7,8
0178,9,8,1
0178,9,9,1
0179,12,1,9
0179,12,2,10
0179,12,3,9
0179,12,4,8
0179,12,5,3
0179,12,6,9
0179,12,7,8
0179,12,8,1
0179,12,9,1
0179,12,10,4
0179,12,11,2
0179,12,12,1
0180,11,1,11
0180,11,2,9
0180,11,3,1
0180,11,4,9
0180,11,5,10
0180,11,6,1
0180,11,7,9
0180,11,8,8
0180,11,9,1
0180,11,10,5
0180,11,11,3
0181,15,1,9
0181,15,2,8
0181,15,3,1
0181,15,4,9
0181,15,5,8
0181,15,6,2
0181,15,7,10
0181,15,8,7
0181,15,9,1
0181,15,10,9
0181,15,11,8
0181,15,12,1
0181,15,13,2
0181,15,14,3
0181,15,15,2
0182,11,1,8
0182,11,2,10
0182,11,3,8
0182,11,4,8
0182,11,5,8
0182,11,6,1
0182,11,7,7
0182,11,8,1
0182,11,9,8
0182,11,10,6
0182,11,11,1
0183,11,1,10
0183,11,2,9
0183,11,3,2
0183,11,4,8
0183,11,5,8
0183,11,6,9
0183,11,7,9
0183,11,8,2
0183,11,9,7
0183,11,10,1
0183,11,11,5
0184,12,1,10
0184,12,2,9
0184,12,3,3
0184,12,4,11
0184,12,5,10
0184,12,6,9
0184,12,7,9
0184,12,8,1
0184,12,9,2
0184,12,10,8
0184,12,11,4
0184,12,12,1
0185,19,1,9
0185,19,2,8
0185,19,3,9
0185,19,4,7
0185,19,5,9
0185,19,6,3
0185,19,7,9
0185,19,8,1
0185,19,9,8
0185,19,10,8
0185,19,11,3
0185,19,12,6
0185,19,13,1
0185,19,14,6
0185,19,15,1
0185,19,16,5
0185,19,17,5
0185,19,18,5
0185,19,19,1
0186,16,1,10
0186,16,2,10
0186,16,3,1
0186,16,4,9
0186,16,5,8
0186,16,6,2
0186,16,7,9
0186,16,8,10
0186,16,9,1
0186,16,10,7
0186,16,11,6
0186,16,12,1
0186,16,13,3
0186,16,14,1
0186,16,15,1
0186,16,16,1
0187,12,1,9
0187,12,2,10
0187,12,3,9
0187,12,4,8
0187,12,5,9
0187,12,6,9
0187,12,7,1
0187,12,8,2
0187,12,9,6
0187,12,10,6
0187,12,11,1
0187,12,12,1
0188,7,1,9
0188,7,2,9
0188,7,3,1
0188,7,4,8
0188,7,5,6
0188,7,6,1
0188,7,7,1
0189,13,1,10
0189,13,2,9
0189,13,3,1
0189,13,4,1
0189,13,5,8
0189,13,6,7
0189,13,7,8
0189,13,8,8
0189,13,9,1
0189,13,10,1
0189,13,11,5
0189,13,12,7
0189,13,13,1
0190,12,1,7
0190,12,2,11
0190,12,3,8
0190,12,4,8
0190,12,5,2
0190,12,6,5
0190,12,7,6
0190,12,8,6
0190,12,9,1
0190,12,10,7
0190,12,11,1
0190,12,12,1
0191,8,1,9
0191,8,2,8
0191,8,3,2
0191,8,4,6
0191,8,5,1
0191,8,6,7
0191,8,7,4
0191,8,8,1
0192,11,1,9
0192,11,2,10
0192,11,3,8
0192,11,4,9
0192,11,5,2
0192,11,6,1
0192,11,7,10
0192,11,8,8
0192,11,9,6
0192,11,10,1
0192,11,11,3
0193,14,1,9
0193,14,2,9
0193,14,3,2
0193,14,4,8
0193,14,5,9
0193,14,6,10
0193,14,7,9
0193,14,8,2
0193,14,9,7
0193,14,10,7
0193,14,11,1
0193,14,12,2
0193,14,13,2
0193,14,14,1
0194,9,1,10
0194,9,2,10
0194,9,3,9
0194,9,4,10
0194,9,5,2
0194,9,6,8
0194,9,7,8
0194,9,8,5
0194,9,9,3
0195,11,1,9
0195,11,2,9
0195,11,3,9
0195,11,4,9
0195,11,5,2
0195,11,6,9
0195,11,7,8
0195,11,8,1
0195,11,9,1
0195,11,10,6
0195,11,11,4
0196,12,1,10
0196,12,2,9
0196,12,3,9
0196,12,4,9
0196,12,5,1
0196,12,6,9
0196,12,7,8
0196,12,8,1
0196,12,9,1
0196,12,10,4
0196,12,11,5
0196,12,12,1
0197,10,1,9
0197,10,2,9
0197,10,3,9
0197,10,4,9
0197,10,5,8
0197,10,6,8
0197,10,7,1
0197,10,8,6
0197,10,9,3
0197,10,10,1
0198,10,1,9
0198,10,2,10
0198,10,3,9
0198,10,4,9
0198,10,5,9
0198,10,6,9
0198,10,7,6
0198,10,8,1
0198,10,9,6
0198,10,10,1
0199,10,1,10
0199,10,2,9
0199,10,3,9
0199,10,4,8
0199,10,5,1
0199,10,6,9
0199,10,7,8
0199,10,8,1
0199,10,9,6
0199,10,10,1
0200,14,1,9
0200,14,2,9
0200,14,3,8
0200,14,4,8
0200,14,5,8
0200,14,6,7
0200,14,7,2
0200,14,8,6
0200,14,9,8
0200,14,10,1
0200,14,11,2
0200,14,12,6
0200,14,13,3
0200,14,14,1
0201,11,1,9
0201,11,2,10
0201,11,3,8
0201,11,4,8
0201,11,5,2
0201,11,6,8
0201,11,7,8
0201,11,8,1
0201,11,9,1
0201,11,10,6
0201,11,11,6
0202,13,1,8
0202,13,2,9
0202,13,3,9
0202,13,4,8
0202,13,5,2
0202,13,6,9
0202,13,7,8
0202,13,8,2
0202,13,9,7
0202,13,10,8
0202,13,11,1
0202,13,12,3
0202,13,13,1
0203,14,1,10
0203,14,2,8
0203,14,3,9
0203,14,4,8
0203,14,5,1
0203,14,6,8
0203,14,7,9
0203,14,8,2
0203,14,9,6
0203,14,10,7
0203,14,11,1
0203,14,12,1
0203,14,13,1
0203,14,14,1
0204,13,1,10
0204,13,2,9
0204,13,3,9
0204,13,4,8
0204,13,5,2
0204,13,6,8
0204,13,7,8
0204,13,8,1
0204,13,9,2
0204,13,10,4
0204,13,11,3
0204,13,12,1
0204,13,13,1
0205,15,1,9
0205,15,2,9
0205,15,3,8
0205,15,4,8
0205,15,5,1
0205,15,6,8
0205,15,7,8
0205,15,8,2
0205,15,9,6
0205,15,10,1
0205,15,11,6
0205,15,12,2
0205,15,13,1
0205,15,14,1
0205,15,15,1
0206,11,1,9
0206,11,2,9
0206,11,3,1
0206,11,4,9
0206,11,5,7
0206,11,6,8
0206,11,7,1
0206,11,8,1
0206,11,9,9
0206,11,10,7
0206,11,11,1
0207,12,1,10
0207,12,2,9
0207,12,3,1
0207,12,4,9
0207,12,5,9
0207,12,6,8
0207,12,7,8
0207,12,8,1
0207,12,9,6
0207,12,10,2
0207,12,11,1
0207,12,12,2
0208,15,1,10
0208,15,2,9
0208,15,3,9
0208,15,4,8
0208,15,5,1
0208,15,6,2
0208,15,7,8
0208,15,8,7
0208,15,9,1
0208,15,10,7
0208,15,11,8
0208,15,12,7
0208,15,13,5
0208,15,14,1
0208,15,15,1
0209,9,1,10
0209,9,2,10
0209,9,3,9
0209,9,4,9
0209,9,5,1
0209,9,6,8
0209,9,7,9
0209,9,8,6
0209,9,9,4
0210,9,1,10
0210,9,2,9
0210,9,3,2
0210,9,4,1
0210,9,5,6
0210,9,6,6
0210,9,7,1
0210,9,8,8
0210,9,9,5
0211,12,1,8
0211,12,2,11
0211,12,3,9
0211,12,4,9
0211,12,5,8
0211,12,6,7
0211,12,7,1
0211,12,8,1
0211,12,9,6
0211,12,10,6
0211,12,11,1
0211,12,12,3
0212,13,1,8
0212,13,2,11
0212,13,3,9
0212,13,4,9
0212,13,5,8
0212,13,6,9
0212,13,7,2
0212,13,8,6
0212,13,9,2
0212,13,10,3
0212,13,11,1
0212,13,12,2
0212,13,13,3
0213,9,1,10
0213,9,2,8
0213,9,3,8
0213,9,4,8
0213,9,5,1
0213,9,6,9
0213,9,7,8
0213,9,8,5
0213,9,9,1
0214,14,1,10
0214,14,2,9
0214,14,3,8
0214,14,4,8
0214,14,5,9
0214,14,6,8
0214,14,7,6
0214,14,8,6
0214,14,9,2
0214,14,10,6
0214,14,11,2
0214,14,12,6
0214,14,13,1
0214,14,14,1
0215,12,1,9
0215,12,2,9
0215,12,3,8
0215,12,4,8
0215,12,5,10
0215,12,6,2
0215,12,7,1
0215,12,8,7
0215,12,9,6
0215,12,10,5
0215,12,11,2
0215,12,12,1
0216,11,1,10
0216,11,2,10
0216,11,3,9
0216,11,4,8
0216,11,5,8
0216,11,6,9
0216,11,7,7
0216,11,8,2
0216,11,9,1
0216,11,10,6
0216,11,11,1
0217,14,1,9
0217,14,2,10
0217,14,3,1
0217,14,4,8
0217,14,5,2
0217,14,6,1
0217,14,7,8
0217,14,8,8
0217,14,9,2
0217,14,10,9
0217,14,11,6
0217,14,12,1
0217,14,13,7
0217,14,14,1
0218,15,1,11
0218,15,2,9
0218,15,3,7
0218,15,4,9
0218,15,5,1
0218,15,6,1
0218,15,7,10
0218,15,8,8
0218,15,9,1
0218,15,10,6
0218,15,11,8
0218,15,12,2
0218,15,13,1
0218,15,14,3
0218,15,15,1
0219,10,1,10
0219,10,2,9
0219,10,3,9
0219,10,4,8
0219,10,5,9
0219,10,6,10
0219,10,7,7
0219,10,8,2
0219,10,9,1
0219,10,10,2
0220,10,1,11
0220,10,2,9
0220,10,3,8
0220,10,4,9
0220,10,5,10
0220,10,6,8
0220,10,7,7
0220,10,8,1
0220,10,9,9
0220,10,10,7
0221,9,1,9
0221,9,2,9
0221,9,3,1
0221,9,4,1
0221,9,5,8
0221,9,6,7
0221,9,7,1
0221,9,8,6
0221,9,9,1
0222,12,1,12
0222,12,2,10
0222,12,3,7
0222,12,4,7
0222,12,5,9
0222,12,6,2
0222,12,7,8
0222,12,8,7
0222,12,9,1
0222,12,10,7
0222,12,11,6
0222,12,12,6
0223,11,1,9
0223,11,2,10
0223,11,3,9
0223,11,4,8
0223,11,5,8
0223,11,6,6
0223,11,7,1
0223,11,8,1
0223,11,9,8
0223,11,10,8
0223,11,11,2
0224,14,1,10
0224,14,2,10
0224,14,3,8
0224,14,4,8
0224,14,5,2
0224,14,6,1
0224,14,7,9
0224,14,8,1
0224,14,9,8
0224,14,10,7
0224,14,11,6
0224,14,12,1
0224,14,13,1
0224,14,14,8
0225,15,1,9
0225,15,2,9
0225,15,3,1
0225,15,4,6
0225,15,5,2
0225,15,6,9
0225,15,7,1
0225,15,8,9
0225,15,9,8
0225,15,10,8
0225,15,11,5
0225,15,12,3
0225,15,13,2
0225,15,14,1
0225,15,15,1
0226,12,1,8
0226,12,2,9
0226,12,3,9
0226,12,4,7
0226,12,5,6
0226,12,6,8
0226,12,7,7
0226,12,8,1
0226,12,9,1
0226,12,10,6
0226,12,11,7
0226,12,12,8
0227,14,1,10
0227,14,2,8
0227,14,3,1
0227,14,4,9
0227,14,5,9
0227,14,6,2
0227,14,7,8
0227,14,8,8
0227,14,9,1
0227,14,10,2
0227,14,11,5
0227,14,12,6
0227,14,13,1
0227,14,14,1
0228,13,1,10
0228,13,2,9
0228,13,3,9
0228,13,4,9
0228,13,5,1
0228,13,6,1
0228,13,7,9
0228,13,8,9
0228,13,9,1
0228,13,10,6
0228,13,11,3
0228,13,12,1
0228,13,13,2
0229,11,1,10
0229,11,2,9
0229,11,3,9
0229,11,4,8
0229,11,5,1
0229,11,6,9
0229,11,7,9
0229,11,8,8
0229,11,9,7
0229,11,10,1
0229,11,11,1
0230,11,1,9
0230,11,2,9
0230,11,3,8
0230,11,4,8
0230,11,5,8
0230,11,6,8
0230,11,7,1
0230,11,8,1
0230,11,9,8
0230,11,10,1
0230,11,11,1
0231,13,1,9
0231,13,2,8
0231,13,3,1
0231,13,4,7
0231,13,5,7
0231,13,6,1
0231,13,7,8
0231,13,8,8
0231,13,9,1
0231,13,10,8
0231,13,11,6
0231,13,12,1
0231,13,13,3
0232,9,1,10
0232,9,2,8
0232,9,3,10
0232,9,4,8
0232,9,5,1
0232,9,6,9
0232,9,7,8
0232,9,8,9
0232,9,9,6
0233,11,1,11
0233,11,2,10
0233,11,3,8
0233,11,4,9
0233,11,5,1
0233,11,6,10
0233,11,7,10
0233,11,8,1
0233,11,9,6
0233,11,10,1
0233,11,11,2
0234,11,1,9
0234,11,2,9
0234,11,3,1
0234,11,4,9
0234,11,5,7
0234,11,6,8
0234,11,7,7
0234,11,8,7
0234,11,9,1
0234,11,10,1
0234,11,11,5
0235,14,1,10
0235,14,2,8
0235,14,3,1
0235,14,4,8
0235,14,5,8
0235,14,6,1
0235,14,7,9
0235,14,8,8
0235,14,9,2
0235,14,10,7
0235,14,11,6
0235,14,12,1
0235,14,13,1
0235,14,14,1
0236,9,1,10
0236,9,2,9
0236,9,3,8
0236,9,4,8
0236,9,5,1
0236,9,6,10
0236,9,7,7
0236,9,8,8
0236,9,9,3
0237,13,1,9
0237,13,2,8
0237,13,3,2
0237,13,4,10
0237,13,5,9
0237,13,6,3
0237,13,7,9
0237,13,8,8
0237,13,9,6
0237,13,10,6
0237,13,11,2
0237,13,12,1
0237,13,13,3
0238,11,1,9
0238,11,2,9
0238,11,3,7
0238,11,4,8
0238,11,5,1
0238,11,6,9
0238,11,7,9
0238,11,8,1
0238,11,9,8
0238,11,10,6
0238,11,11,1
0239,10,1,10
0239,10,2,9
0239,10,3,2
0239,10,4,9
0239,10,5,8
0239,10,6,8
0239,10,7,6
0239,10,8,7
0239,10,9,5
0239,10,10,1
0240,12,1,10
0240,12,2,10
0240,12,3,1
0240,12,4,1
0240,12,5,8
0240,12,6,9
0240,12,7,2
0240,12,8,9
0240,12,9,7
0240,12,10,1
0240,12,11,5
0240,12,12,6
0241,13,1,9
0241,13,2,9
0241,13,3,1
0241,13,4,8
0241,13,5,8
0241,13,6,9
0241,13,7,8
0241,13,8,1
0241,13,9,1
0241,13,10,6
0241,13,11,5
0241,13,12,1
0241,13,13,1
0242,12,1,9
0242,12,2,10
0242,12,3,8
0242,12,4,8
0242,12,5,10
0242,12,6,8
0242,12,7,8
0242,12,8,1
0242,12,9,7
0242,12,10,7
0242,12,11,1
0242,12,12,3
0243,12,1,10
0243,12,2,10
0243,12,3,9
0243,12,4,9
0243,12,5,1
0243,12,6,8
0243,12,7,8
0243,12,8,6
0243,12,9,6
0243,12,10,1
0243,12,11,1
0243,12,12,1
0244,13,1,10
0244,13,2,9
0244,13,3,1
0244,13,4,8
0244,13,5,9
0244,13,6,9
0244,13,7,8
0244,13,8,1
0244,13,9,7
0244,13,10,1
0244,13,11,8
0244,13,12,1
0244,13,13,1
0245,15,1,10
0245,15,2,9
0245,15,3,7
0245,15,4,9
0245,15,5,1
0245,15,6,2
0245,15,7,9
0245,15,8,1
0245,15,9,8
0245,15,10,6
0245,15,11,2
0245,15,12,6
0245,15,13,3
0245,15,14,1
0245,15,15,4
0246,11,1,10
0246,11,2,9
0246,11,3,9
0246,11,4,8
0246,11,5,2
0246,11,6,9
0246,11,7,9
0246,11,8,1
0246,11,9,2
0246,11,10,8
0246,11,11,1
0247,8,1,11
0247,8,2,8
0247,8,3,9
0247,8,4,9
0247,8,5,8
0247,8,6,9
0247,8,7,5
0247,8,8,4
0248,12,1,8
0248,12,2,10
0248,12,3,10
0248,12,4,1
0248,12,5,9
0248,12,6,9
0248,12,7,1
0248,12,8,8
0248,12,9,5
0248,12,10,8
0248,12,11,1
0248,12,12,1
0249,13,1,10
0249,13,2,10
0249,13,3,9
0249,13,4,8
0249,13,5,1
0249,13,6,1
0249,13,7,8
0249,13,8,8
0249,13,9,1
0249,13,10,7
0249,13,11,4
0249,13,12,1
0249,13,13,1
0250,10,1,10
0250,10,2,10
0250,10,3,10
0250,10,4,9
0250,10,5,9
0250,10,6,8
0250,10,7,2
0250,10,8,6
0250,10,9,3
0250,10,10,7
0251,11,1,10
0251,11,2,9
0251,11,3,8
0251,11,4,8
0251,11,5,2
0251,11,6,8
0251,11,7,8
0251,11,8,1
0251,11,9,7
0251,11,10,7
0251,11,11,2
0252,12,1,10
0252,12,2,9
0252,12,3,8
0252,12,4,6
0252,12,5,2
0252,12,6,9
0252,12,7,8
0252,12,8,2
0252,12,9,6
0252,12,10,6
0252,12,11,1
0252,12,12,1
0253,10,1,9
0253,10,2,9
0253,10,3,9
0253,10,4,9
0253,10,5,10
0253,10,6,1
0253,10,7,8
0253,10,8,2
0253,10,9,7
0253,10,10,7
